S. No.,Name,Age,Salary,,,,
1,Giana Brock,47,27872,,,45,20025
2,Brisa Hines,26,17069,,,,
3,Alicia Barton,35,12543,,,,
4,Cesar Delgado,38,33533,,,,
5,Dax Davenport,24,46621,,,,
6,Rayna Odonnell,42,23561,,,,
7,Marques Price,52,21652,,,,
8,Natalia Clarke,40,35256,,,,
9,Mara Nicholson,53,13116,,,,
10,Jenny Livingston,48,37338,,,,
11,Jason Mcneil,29,20725,,,,
12,Elvis Russell,24,34107,,,,
13,Salvatore Hogan,32,22763,,,,
14,Jaylee Rodgers,35,48084,,,,
15,Elliott Werner,33,16128,,,,
16,Jaden Barrett,39,43632,,,,
17,Jaiden Estrada,32,18998,,,,
18,Isai Kline,34,36999,,,,
19,Dorian Bullock,49,29600,,,,
20,Callum Adkins,27,12853,,,,
21,Paityn Fisher,34,32191,,,,
22,Keyla Gibbs,44,17813,,,,
23,Selah Patton,47,21636,,,,
24,Kathleen Mcclain,34,36642,,,,
25,Aubree Garcia,21,40379,,,,
26,Christian Briggs,41,44252,,,,
27,Caleb Little,52,27329,,,,
28,Sydney Ward,48,48475,,,,
29,Haleigh Mclaughlin,32,31096,,,,
30,Korbin Fernandez,22,48726,,,,
31,Anne Koch,31,21387,,,,
32,Coby Avila,35,49790,,,,
33,Karson Mathis,27,41257,,,,
34,Zoey Villarreal,46,36577,,,,
35,Oswaldo Becker,25,16641,,,,
36,Skyler Galloway,36,15197,,,,
37,Julianna Dixon,27,22301,,,,
38,Kellen Mckay,35,40650,,,,
39,Enrique Pham,55,46346,,,,
40,Brendan Reese,34,36058,,,,
41,Dashawn Carney,28,15122,,,,
42,Julien Jenkins,55,43332,,,,
43,Pierre Pearson,47,38428,,,,
44,Emilee Harvey,38,37426,,,,
45,Camila Jefferson,53,10691,,,,
46,Zoie Moody,55,12493,,,,
47,Julien Dunlap,23,29885,,,,
48,Callie Joseph,39,36893,,,,
49,Hugh Keller,28,38313,,,,
50,Eileen Hess,34,43245,,,,
